[
{
  "model": "webapp.issue",
  "pk": 3,
  "fields": {
    "create_date": "2022-07-26T15:04:46.200Z",
    "updated_date": "2022-07-27T13:22:09.244Z",
    "summary": "xaxaxa",
    "description": "aaaaaaaaaaaaaaaaaaaa",
    "status": 1,
    "project": 2,
    "type": [
      1
    ]
  }
},
{
  "model": "webapp.issue",
  "pk": 4,
  "fields": {
    "create_date": "2022-07-28T15:37:45.354Z",
    "updated_date": "2022-07-28T15:41:35.499Z",
    "summary": "wqw",
    "description": "wqwqwqwwwassxaxa1111",
    "status": 2,
    "project": 6,
    "type": [
      1
    ]
  }
},
{
  "model": "webapp.issue",
  "pk": 6,
  "fields": {
    "create_date": "2022-07-28T19:54:34.537Z",
    "updated_date": "2022-07-28T19:54:34.537Z",
    "summary": "wwww",
    "description": "ssssssssssssssssssssssssssssssssssssss",
    "status": 1,
    "project": 1,
    "type": [
      3
    ]
  }
},
{
  "model": "webapp.issue",
  "pk": 7,
  "fields": {
    "create_date": "2022-07-28T19:55:50.297Z",
    "updated_date": "2022-07-28T19:55:50.297Z",
    "summary": "aaaaaaa",
    "description": "seeeeeeeeeeeeeeeeeeeeeeeee",
    "status": 1,
    "project": 1,
    "type": [
      2
    ]
  }
},
{
  "model": "webapp.issue",
  "pk": 8,
  "fields": {
    "create_date": "2022-07-28T20:28:15.941Z",
    "updated_date": "2022-07-28T20:28:15.941Z",
    "summary": "sssss",
    "description": "ssssssssssssssssssssssssss",
    "status": 1,
    "project": 1,
    "type": [
      2
    ]
  }
},
{
  "model": "webapp.issue",
  "pk": 9,
  "fields": {
    "create_date": "2022-07-28T20:29:23.147Z",
    "updated_date": "2022-07-28T20:29:23.148Z",
    "summary": "ssss",
    "description": "ssssssssssssss",
    "status": 1,
    "project": 1,
    "type": [
      2
    ]
  }
},
{
  "model": "webapp.issue",
  "pk": 14,
  "fields": {
    "create_date": "2022-08-04T15:08:35.089Z",
    "updated_date": "2022-08-04T15:08:35.089Z",
    "summary": "wqdqw",
    "description": "wwwwwwwwwwwwwwwww",
    "status": 1,
    "project": 6,
    "type": [
      2
    ]
  }
},
{
  "model": "webapp.issue",
  "pk": 15,
  "fields": {
    "create_date": "2022-08-05T03:36:46.581Z",
    "updated_date": "2022-08-05T03:36:46.581Z",
    "summary": "Test_3",
    "description": "Test_3Test_3Test_3Test_3Test_3Test_3Test_3Test_3",
    "status": 2,
    "project": 9,
    "type": [
      2
    ]
  }
},
{
  "model": "webapp.issue",
  "pk": 16,
  "fields": {
    "create_date": "2022-08-05T03:37:04.933Z",
    "updated_date": "2022-08-05T03:37:04.933Z",
    "summary": "Test_7",
    "description": "Test_7Test_7Test_7Test_7Test_7Test_7Test_7",
    "status": 3,
    "project": 9,
    "type": [
      3
    ]
  }
},
{
  "model": "webapp.status",
  "pk": 1,
  "fields": {
    "name": "New"
  }
},
{
  "model": "webapp.status",
  "pk": 2,
  "fields": {
    "name": "In Progress"
  }
},
{
  "model": "webapp.status",
  "pk": 3,
  "fields": {
    "name": "Done"
  }
},
{
  "model": "webapp.type",
  "pk": 1,
  "fields": {
    "name": "Bug"
  }
},
{
  "model": "webapp.type",
  "pk": 2,
  "fields": {
    "name": "Enhancement"
  }
},
{
  "model": "webapp.type",
  "pk": 3,
  "fields": {
    "name": "Task"
  }
},
{
  "model": "webapp.project",
  "pk": 1,
  "fields": {
    "summary": "test_project1",
    "description": "test_project1\r\nnew",
    "create_date": "2022-07-26",
    "end_date": "2022-07-28",
    "users": [
      1,
      4,
      15,
      16,
      18
    ]
  }
},
{
  "model": "webapp.project",
  "pk": 2,
  "fields": {
    "summary": "xax",
    "description": "XAXAXAX",
    "create_date": "2022-07-03",
    "end_date": "2021-10-17",
    "users": []
  }
},
{
  "model": "webapp.project",
  "pk": 3,
  "fields": {
    "summary": "xax",
    "description": "XAXAXAX",
    "create_date": "2022-07-03",
    "end_date": "2021-10-17",
    "users": []
  }
},
{
  "model": "webapp.project",
  "pk": 4,
  "fields": {
    "summary": "csa",
    "description": "asxdasx",
    "create_date": "2022-07-03",
    "end_date": "2021-10-18",
    "users": []
  }
},
{
  "model": "webapp.project",
  "pk": 5,
  "fields": {
    "summary": "axxa",
    "description": "axaxa",
    "create_date": "2022-07-03",
    "end_date": "2021-10-17",
    "users": []
  }
},
{
  "model": "webapp.project",
  "pk": 6,
  "fields": {
    "summary": "TestTestwwww",
    "description": "wwwwwwwwwwwwww",
    "create_date": "2022-07-03",
    "end_date": "2022-07-14",
    "users": []
  }
},
{
  "model": "webapp.project",
  "pk": 7,
  "fields": {
    "summary": "wqwq",
    "description": "wqwwwwwwwwwwwww",
    "create_date": "2021-07-03",
    "end_date": "2022-11-17",
    "users": []
  }
},
{
  "model": "webapp.project",
  "pk": 9,
  "fields": {
    "summary": "Test_6",
    "description": "Test_6Test_6Test_6Test_6Test_6Test_6",
    "create_date": "2021-07-03",
    "end_date": "2022-10-12",
    "users": []
  }
},
{
  "model": "webapp.project",
  "pk": 10,
  "fields": {
    "summary": "as",
    "description": "asasasaas",
    "create_date": "2022-07-03",
    "end_date": "2023-10-17",
    "users": []
  }
},
{
  "model": "webapp.project",
  "pk": 11,
  "fields": {
    "summary": "xax",
    "description": "axaxaxaxax",
    "create_date": "2022-07-03",
    "end_date": "2023-10-17",
    "users": []
  }
},
{
  "model": "webapp.project",
  "pk": 12,
  "fields": {
    "summary": "test",
    "description": "westwest",
    "create_date": "2022-07-26",
    "end_date": "2023-10-17",
    "users": []
  }
},
{
  "model": "webapp.project",
  "pk": 13,
  "fields": {
    "summary": "wesr",
    "description": "ewewewewe",
    "create_date": "2022-07-03",
    "end_date": "2023-10-17",
    "users": []
  }
},
{
  "model": "webapp.project",
  "pk": 14,
  "fields": {
    "summary": "wesr",
    "description": "ewewewewe",
    "create_date": "2022-07-03",
    "end_date": "2023-10-17",
    "users": []
  }
},
{
  "model": "webapp.project",
  "pk": 15,
  "fields": {
    "summary": "wesr",
    "description": "ewewewewe",
    "create_date": "2022-07-03",
    "end_date": "2023-10-17",
    "users": []
  }
},
{
  "model": "webapp.project",
  "pk": 16,
  "fields": {
    "summary": "dada",
    "description": "adadad",
    "create_date": "2022-07-03",
    "end_date": "2023-10-17",
    "users": []
  }
},
{
  "model": "webapp.project",
  "pk": 17,
  "fields": {
    "summary": "qqqwwss",
    "description": "qwewqdwqdqwd",
    "create_date": "2021-07-03",
    "end_date": "2023-10-17",
    "users": []
  }
},
{
  "model": "webapp.project",
  "pk": 18,
  "fields": {
    "summary": "wdwdq",
    "description": "qwdqwdwqd",
    "create_date": "2022-07-03",
    "end_date": "2023-10-17",
    "users": []
  }
},
{
  "model": "webapp.project",
  "pk": 19,
  "fields": {
    "summary": "aA",
    "description": "ASSA",
    "create_date": "2022-07-03",
    "end_date": "2023-10-17",
    "users": []
  }
},
{
  "model": "webapp.project",
  "pk": 20,
  "fields": {
    "summary": "aA",
    "description": "ASSA",
    "create_date": "2022-07-03",
    "end_date": "2023-10-17",
    "users": []
  }
},
{
  "model": "webapp.project",
  "pk": 21,
  "fields": {
    "summary": "xaxa",
    "description": "axaaaaaaaaaa",
    "create_date": "2022-07-03",
    "end_date": "2023-10-17",
    "users": []
  }
},
{
  "model": "webapp.project",
  "pk": 22,
  "fields": {
    "summary": "xaxa",
    "description": "axaaaaaaaaaa",
    "create_date": "2022-07-03",
    "end_date": "2023-10-17",
    "users": []
  }
},
{
  "model": "webapp.project",
  "pk": 23,
  "fields": {
    "summary": "xaxa",
    "description": "xaxaxa",
    "create_date": "2022-07-03",
    "end_date": "2021-10-17",
    "users": [
      4
    ]
  }
},
{
  "model": "webapp.project",
  "pk": 24,
  "fields": {
    "summary": "xaxa",
    "description": "xaxaxa",
    "create_date": "2022-07-03",
    "end_date": "2021-10-17",
    "users": [
      4
    ]
  }
},
{
  "model": "webapp.project",
  "pk": 25,
  "fields": {
    "summary": "xaxa",
    "description": "xaxaxa",
    "create_date": "2022-07-03",
    "end_date": "2021-10-17",
    "users": [
      4
    ]
  }
},
{
  "model": "webapp.project",
  "pk": 26,
  "fields": {
    "summary": "xaxa",
    "description": "xaxaxa",
    "create_date": "2022-07-03",
    "end_date": "2021-10-17",
    "users": [
      4
    ]
  }
},
{
  "model": "webapp.project",
  "pk": 27,
  "fields": {
    "summary": "xaxa",
    "description": "xaxaxa",
    "create_date": "2022-07-03",
    "end_date": "2021-10-17",
    "users": [
      4
    ]
  }
},
{
  "model": "webapp.project",
  "pk": 28,
  "fields": {
    "summary": "xaxa",
    "description": "xaxaxa",
    "create_date": "2022-07-03",
    "end_date": "2021-10-17",
    "users": [
      4
    ]
  }
},
{
  "model": "webapp.project",
  "pk": 29,
  "fields": {
    "summary": "xaxa",
    "description": "xaxaxa",
    "create_date": "2022-07-03",
    "end_date": "2021-10-17",
    "users": [
      4
    ]
  }
},
{
  "model": "webapp.project",
  "pk": 30,
  "fields": {
    "summary": "xaxa",
    "description": "xaxaxa",
    "create_date": "2022-07-03",
    "end_date": "2021-10-17",
    "users": [
      4
    ]
  }
},
{
  "model": "webapp.project",
  "pk": 31,
  "fields": {
    "summary": "dq",
    "description": "qdqdqd",
    "create_date": "2022-07-03",
    "end_date": "2021-10-17",
    "users": [
      6
    ]
  }
},
{
  "model": "webapp.project",
  "pk": 32,
  "fields": {
    "summary": "dq",
    "description": "qdqdqd",
    "create_date": "2022-07-03",
    "end_date": "2021-10-17",
    "users": [
      6
    ]
  }
},
{
  "model": "webapp.project",
  "pk": 33,
  "fields": {
    "summary": "dq",
    "description": "qdqdqd",
    "create_date": "2022-07-03",
    "end_date": "2021-10-17",
    "users": [
      6
    ]
  }
},
{
  "model": "webapp.project",
  "pk": 34,
  "fields": {
    "summary": "xaxa",
    "description": "xaaxax",
    "create_date": "2021-07-03",
    "end_date": "2023-10-17",
    "users": [
      17
    ]
  }
},
{
  "model": "webapp.project",
  "pk": 35,
  "fields": {
    "summary": "axxx",
    "description": "xaxaxax",
    "create_date": "2022-07-03",
    "end_date": "2023-10-17",
    "users": [
      4
    ]
  }
},
{
  "model": "webapp.project",
  "pk": 36,
  "fields": {
    "summary": "sqsq",
    "description": "qsqqqqq",
    "create_date": "2022-07-03",
    "end_date": "2023-10-17",
    "users": [
      18
    ]
  }
},
{
  "model": "webapp.project",
  "pk": 37,
  "fields": {
    "summary": "sqsq",
    "description": "qsqqqqq",
    "create_date": "2022-07-03",
    "end_date": "2023-10-17",
    "users": [
      18
    ]
  }
},
{
  "model": "webapp.project",
  "pk": 38,
  "fields": {
    "summary": "sqsq",
    "description": "qsqqqqq",
    "create_date": "2022-07-03",
    "end_date": "2023-10-17",
    "users": [
      18
    ]
  }
},
{
  "model": "webapp.project",
  "pk": 39,
  "fields": {
    "summary": "aasas",
    "description": "asasas",
    "create_date": "2022-07-03",
    "end_date": "2023-10-17",
    "users": [
      4
    ]
  }
},
{
  "model": "webapp.project",
  "pk": 40,
  "fields": {
    "summary": "xaaxax",
    "description": "axaaaaaaaaa",
    "create_date": "2022-07-03",
    "end_date": "2023-10-17",
    "users": []
  }
},
{
  "model": "webapp.project",
  "pk": 41,
  "fields": {
    "summary": "axaxa",
    "description": "aaaaaaaaaaaaa",
    "create_date": "2022-07-03",
    "end_date": "2023-10-17",
    "users": []
  }
},
{
  "model": "webapp.project",
  "pk": 42,
  "fields": {
    "summary": "wwwwww",
    "description": "qqqqqqqqaasdasdas",
    "create_date": "2021-07-03",
    "end_date": "2023-10-17",
    "users": []
  }
},
{
  "model": "webapp.project",
  "pk": 43,
  "fields": {
    "summary": "fhgfhj",
    "description": "vgdzvdsvdsvdsvds",
    "create_date": "2022-07-03",
    "end_date": "2023-10-17",
    "users": []
  }
},
{
  "model": "webapp.project",
  "pk": 44,
  "fields": {
    "summary": "edwqdq",
    "description": "qwdqwd",
    "create_date": "2022-07-03",
    "end_date": "2021-10-17",
    "users": [
      16
    ]
  }
},
{
  "model": "webapp.project",
  "pk": 45,
  "fields": {
    "summary": "newManager",
    "description": "newManager",
    "create_date": "2022-07-03",
    "end_date": "2022-12-03",
    "users": [
      3,
      6,
      16
    ]
  }
},
{
  "model": "webapp.project",
  "pk": 46,
  "fields": {
    "summary": "wwww111",
    "description": "wwwwwwwwwwwwwwwwwwwwwwwwww",
    "create_date": "2022-07-03",
    "end_date": "2021-10-17",
    "users": [
      16
    ]
  }
},
{
  "model": "webapp.project",
  "pk": 47,
  "fields": {
    "summary": "wakawaka",
    "description": "wakawakazcxsacac",
    "create_date": "2021-07-03",
    "end_date": "2021-10-17",
    "users": [
      16
    ]
  }
},
{
  "model": "webapp.project",
  "pk": 48,
  "fields": {
    "summary": "sssssss",
    "description": "ssssssssssssssss",
    "create_date": "2022-07-03",
    "end_date": "2023-10-17",
    "users": []
  }
},
{
  "model": "webapp.project",
  "pk": 49,
  "fields": {
    "summary": "sssssss",
    "description": "ssssssssssssssss",
    "create_date": "2022-07-03",
    "end_date": "2023-10-17",
    "users": [
      16
    ]
  }
},
{
  "model": "webapp.project",
  "pk": 50,
  "fields": {
    "summary": "wwwwwwwwww",
    "description": "wwwwwwwwwwwwwwwwwwww",
    "create_date": "2022-07-03",
    "end_date": "2023-10-17",
    "users": []
  }
},
{
  "model": "webapp.project",
  "pk": 51,
  "fields": {
    "summary": "wwwwwwwwww",
    "description": "wwwwwwwwwwwwwwwwwwww",
    "create_date": "2022-07-03",
    "end_date": "2023-10-17",
    "users": []
  }
},
{
  "model": "webapp.project",
  "pk": 52,
  "fields": {
    "summary": "wwwwwwwwww",
    "description": "wwwwwwwwwwwwwwwwwwww",
    "create_date": "2022-07-03",
    "end_date": "2023-10-17",
    "users": []
  }
},
{
  "model": "webapp.project",
  "pk": 53,
  "fields": {
    "summary": "wwwwwwwwww",
    "description": "wwwwwwwwwwwwwwwwwwww",
    "create_date": "2022-07-03",
    "end_date": "2023-10-17",
    "users": []
  }
},
{
  "model": "webapp.project",
  "pk": 54,
  "fields": {
    "summary": "wwwwwwwwww",
    "description": "wwwwwwwwwwwwwwwwwwww",
    "create_date": "2022-07-03",
    "end_date": "2023-10-17",
    "users": [
      16
    ]
  }
},
{
  "model": "webapp.project",
  "pk": 55,
  "fields": {
    "summary": "sasasasasas",
    "description": "sasasasasassasasasasassasasasasassasasasasassasasasasassasasasasas",
    "create_date": "2022-07-03",
    "end_date": "2023-10-17",
    "users": [
      16
    ]
  }
}
]
